Citation	wID	1830	1837	1840	1841	1879	1920
Jarom 1:1	1	Now	Now
Jarom 1:1	1.01	⌴	⌴
Jarom 1:1	2	behold	behold
Jarom 1:1	2.01	,	,
Jarom 1:1	2.02	⌴	⌴
Jarom 1:1	3	I	I
Jarom 1:1	3.01	,	∅
Jarom 1:1	3.02	⌴	⌴
Jarom 1:1	4	Jarom	Jarom
Jarom 1:1	4.01	,	,
Jarom 1:1	4.02	⌴	⌴
Jarom 1:1	5	write	write
Jarom 1:1	5.01	⌴	⌴
Jarom 1:1	6	a	a
Jarom 1:1	6.01	⌴	⌴
Jarom 1:1	7	few	few
Jarom 1:1	7.01	⌴	⌴
Jarom 1:1	8	words	words
Jarom 1:1	8.01	,	,
Jarom 1:1	8.02	⌴	⌴
Jarom 1:1	9	according	according
Jarom 1:1	9.01	⌴	⌴
Jarom 1:1	10	to	to
Jarom 1:1	10.01	⌴	⌴
Jarom 1:1	11	the	the
Jarom 1:1	11.01	⌴	⌴
Jarom 1:1	12	commandment	commandment
Jarom 1:1	12.01	⌴	⌴
Jarom 1:1	13	of	of
Jarom 1:1	13.01	⌴	⌴
Jarom 1:1	14	my	my
Jarom 1:1	14.01	⌴	⌴
Jarom 1:1	15	father	father
Jarom 1:1	15.01	⌴	⌴
Jarom 1:1	16	Enos	Enos
Jarom 1:1	16.01	,	,
Jarom 1:1	16.02	⌴	⌴
Jarom 1:1	17	that	that
Jarom 1:1	17.01	⌴	⌴
Jarom 1:1	18	our	our
Jarom 1:1	18.01	⌴	⌴
Jarom 1:1	19	genealogy	genealogy
Jarom 1:1	19.01	⌴	⌴
Jarom 1:1	20	may	may
Jarom 1:1	20.01	⌴	⌴
Jarom 1:1	21	be	be
Jarom 1:1	21.01	⌴	⌴
Jarom 1:1	22	kept	kept
Jarom 1:1	22.01	.	.
Jarom 1:2	1	And	And
Jarom 1:2	1.01	⌴	⌴
Jarom 1:2	2	as	as
Jarom 1:2	2.01	⌴	⌴
Jarom 1:2	3	these	these
Jarom 1:2	3.01	⌴	⌴
Jarom 1:2	4	plates	plates
Jarom 1:2	4.01	⌴	⌴
Jarom 1:2	5	are	are
Jarom 1:2	5.01	⌴	⌴
Jarom 1:2	6	small	small
Jarom 1:2	6.01	,	,
Jarom 1:2	6.02	⌴	⌴
Jarom 1:2	7	and	and
Jarom 1:2	7.01	⌴	⌴
Jarom 1:2	8	as	as
Jarom 1:2	8.01	⌴	⌴
Jarom 1:2	9	these	these
Jarom 1:2	9.01	⌴	⌴
Jarom 1:2	10	things	things
Jarom 1:2	10.01	⌴	⌴
Jarom 1:2	11	are	are
Jarom 1:2	11.01	⌴	⌴
Jarom 1:2	12	written	written
Jarom 1:2	12.01	⌴	⌴
Jarom 1:2	13	for	for
Jarom 1:2	13.01	⌴	⌴
Jarom 1:2	14	the	the
Jarom 1:2	14.01	⌴	⌴
Jarom 1:2	15	intent	intent
Jarom 1:2	15.01	⌴	⌴
Jarom 1:2	16	of	of
Jarom 1:2	16.01	⌴	⌴
Jarom 1:2	17	the	the
Jarom 1:2	17.01	⌴	⌴
Jarom 1:2	18	benefit	benefit
Jarom 1:2	18.01	⌴	⌴
Jarom 1:2	19	of	of
Jarom 1:2	19.01	⌴	⌴
Jarom 1:2	20	our	our
Jarom 1:2	20.01	⌴	⌴
Jarom 1:2	21	brethren	brethren
Jarom 1:2	21.01	,	,
Jarom 1:2	21.02	⌴	⌴
Jarom 1:2	22	the	the
Jarom 1:2	22.01	⌴	⌴
Jarom 1:2	23	Lamanites	Lamanites
Jarom 1:2	23.01	,	,
Jarom 1:2	23.02	⌴	⌴
Jarom 1:2	24	wherefore	wherefore
Jarom 1:2	24.01	,	,
Jarom 1:2	24.02	⌴	⌴
Jarom 1:2	25	it	it
Jarom 1:2	25.01	⌴	⌴
Jarom 1:2	26	must	must
Jarom 1:2	26.01	⌴	⌴
Jarom 1:2	27	needs	needs
Jarom 1:2	27.01	⌴	⌴
Jarom 1:2	28	be	be
Jarom 1:2	28.01	⌴	⌴
Jarom 1:2	29	that	that
Jarom 1:2	29.01	⌴	⌴
Jarom 1:2	30	I	I
Jarom 1:2	30.01	⌴	⌴
Jarom 1:2	31	write	write
Jarom 1:2	31.01	⌴	⌴
Jarom 1:2	32	a	a
Jarom 1:2	32.01	⌴	⌴
Jarom 1:2	33	little	little
Jarom 1:2	33.01	;	;
Jarom 1:2	33.02	⌴	⌴
Jarom 1:2	34	but	but
Jarom 1:2	34.01	⌴	⌴
Jarom 1:2	35	I	I
Jarom 1:2	35.01	⌴	⌴
Jarom 1:2	36	shall	shall
Jarom 1:2	36.01	⌴	⌴
Jarom 1:2	37	not	not
Jarom 1:2	37.01	⌴	⌴
Jarom 1:2	38	write	write
Jarom 1:2	38.01	⌴	⌴
Jarom 1:2	39	the	the
Jarom 1:2	39.01	⌴	⌴
Jarom 1:2	40	things	things
Jarom 1:2	40.01	⌴	⌴
Jarom 1:2	41	of	of
Jarom 1:2	41.01	⌴	⌴
Jarom 1:2	42	my	my
Jarom 1:2	42.01	⌴	⌴
Jarom 1:2	43	prophesying	prophesying
Jarom 1:2	43.01	,	,
Jarom 1:2	43.02	⌴	⌴
Jarom 1:2	44	nor	nor
Jarom 1:2	44.01	⌴	⌴
Jarom 1:2	45	of	of
Jarom 1:2	45.01	⌴	⌴
Jarom 1:2	46	my	my
Jarom 1:2	46.01	⌴	⌴
Jarom 1:2	47	revelations	revelations
Jarom 1:2	47.01	.	.
Jarom 1:2	47.02	⌴	⌴
Jarom 1:2	48	For	For
Jarom 1:2	48.01	⌴	⌴
Jarom 1:2	49	what	what
Jarom 1:2	49.01	⌴	⌴
Jarom 1:2	50	could	could
Jarom 1:2	50.01	⌴	⌴
Jarom 1:2	51	I	I
Jarom 1:2	51.01	⌴	⌴
Jarom 1:2	52	write	write
Jarom 1:2	52.01	⌴	⌴
Jarom 1:2	53	more	more
Jarom 1:2	53.01	⌴	⌴
Jarom 1:2	54	than	than
Jarom 1:2	54.01	⌴	⌴
Jarom 1:2	55	my	my
Jarom 1:2	55.01	⌴	⌴
Jarom 1:2	56	fathers	fathers
Jarom 1:2	56.01	⌴	⌴
Jarom 1:2	57	have	have
Jarom 1:2	57.01	⌴	⌴
Jarom 1:2	58	written	written
Jarom 1:2	58.01	?	?
Jarom 1:2	58.02	⌴	⌴
Jarom 1:2	59	For	For
Jarom 1:2	59.01	⌴	⌴
Jarom 1:2	60	have	have
Jarom 1:2	60.01	⌴	⌴
Jarom 1:2	61	not	not
Jarom 1:2	61.01	⌴	⌴
Jarom 1:2	62	they	they
Jarom 1:2	62.01	⌴	⌴
Jarom 1:2	63	revealed	revealed
Jarom 1:2	63.01	⌴	⌴
Jarom 1:2	64	the	the
Jarom 1:2	64.01	⌴	⌴
Jarom 1:2	65	plan	plan
Jarom 1:2	65.01	⌴	⌴
Jarom 1:2	66	of	of
Jarom 1:2	66.01	⌴	⌴
Jarom 1:2	67	salvation	salvation
Jarom 1:2	67.01	?	?
Jarom 1:2	67.02	⌴	⌴
Jarom 1:2	68	I	I
Jarom 1:2	68.01	⌴	⌴
Jarom 1:2	69	say	say
Jarom 1:2	69.01	⌴	⌴
Jarom 1:2	70	unto	unto
Jarom 1:2	70.01	⌴	⌴
Jarom 1:2	71	you	you
Jarom 1:2	71.01	,	,
Jarom 1:2	71.02	⌴	⌴
Jarom 1:2	72	Yea	yea
Jarom 1:2	72.01	;	;
Jarom 1:2	72.02	⌴	⌴
Jarom 1:2	73	and	and
Jarom 1:2	73.01	⌴	⌴
Jarom 1:2	74	this	this
Jarom 1:2	74.01	⌴	⌴
Jarom 1:2	75	sufficeth	sufficeth
Jarom 1:2	75.01	⌴	⌴
Jarom 1:2	76	me	me
Jarom 1:2	76.01	.	.
Jarom 1:3	1	Behold	Behold
Jarom 1:3	1.01	,	,
Jarom 1:3	1.02	⌴	⌴
Jarom 1:3	2	it	it
Jarom 1:3	2.01	⌴	⌴
Jarom 1:3	3	is	is
Jarom 1:3	3.01	⌴	⌴
Jarom 1:3	4	expedient	expedient
Jarom 1:3	4.01	⌴	⌴
Jarom 1:3	5	that	that
Jarom 1:3	5.01	⌴	⌴
Jarom 1:3	6	much	much
Jarom 1:3	6.01	⌴	⌴
Jarom 1:3	7	should	should
Jarom 1:3	7.01	⌴	⌴
Jarom 1:3	8	be	be
Jarom 1:3	8.01	⌴	⌴
Jarom 1:3	9	done	done
Jarom 1:3	9.01	⌴	⌴
Jarom 1:3	10	among	among
Jarom 1:3	10.01	⌴	⌴
Jarom 1:3	11	this	this
Jarom 1:3	11.01	⌴	⌴
Jarom 1:3	12	people	people
Jarom 1:3	12.01	,	,
Jarom 1:3	12.02	⌴	⌴
Jarom 1:3	13	because	because
Jarom 1:3	13.01	⌴	⌴
Jarom 1:3	14	of	of
Jarom 1:3	14.01	⌴	⌴
Jarom 1:3	15	the	the
Jarom 1:3	15.01	⌴	⌴
Jarom 1:3	16	hardness	hardness
Jarom 1:3	16.01	⌴	⌴
Jarom 1:3	17	of	of
Jarom 1:3	17.01	⌴	⌴
Jarom 1:3	18	their	their
Jarom 1:3	18.01	⌴	⌴
Jarom 1:3	19	hearts	hearts
Jarom 1:3	19.01	,	,
Jarom 1:3	19.02	⌴	⌴
Jarom 1:3	20	and	and
Jarom 1:3	20.01	⌴	⌴
Jarom 1:3	21	the	the
Jarom 1:3	21.01	⌴	⌴
Jarom 1:3	22	deafness	deafness
Jarom 1:3	22.01	⌴	⌴
Jarom 1:3	23	of	of
Jarom 1:3	23.01	⌴	⌴
Jarom 1:3	24	their	their
Jarom 1:3	24.01	⌴	⌴
Jarom 1:3	25	ears	ears
Jarom 1:3	25.01	,	,
Jarom 1:3	25.02	⌴	⌴
Jarom 1:3	26	and	and
Jarom 1:3	26.01	⌴	⌴
Jarom 1:3	27	the	the
Jarom 1:3	27.01	⌴	⌴
Jarom 1:3	28	blindness	blindness
Jarom 1:3	28.01	⌴	⌴
Jarom 1:3	29	of	of
Jarom 1:3	29.01	⌴	⌴
Jarom 1:3	30	their	their
Jarom 1:3	30.01	⌴	⌴
Jarom 1:3	31	minds	minds
Jarom 1:3	31.01	,	,
Jarom 1:3	31.02	⌴	⌴
Jarom 1:3	32	and	and
Jarom 1:3	32.01	⌴	⌴
Jarom 1:3	33	the	the
Jarom 1:3	33.01	⌴	⌴
Jarom 1:3	34	stiffness	stiffness
Jarom 1:3	34.01	⌴	⌴
Jarom 1:3	35	of	of
Jarom 1:3	35.01	⌴	⌴
Jarom 1:3	36	their	their
Jarom 1:3	36.01	⌴	⌴
Jarom 1:3	37	necks	necks
Jarom 1:3	37.01	;	;
Jarom 1:3	37.02	⌴	⌴
Jarom 1:3	38	nevertheless	nevertheless
Jarom 1:3	38.01	,	,
Jarom 1:3	38.02	⌴	⌴
Jarom 1:3	39	God	God
Jarom 1:3	39.01	⌴	⌴
Jarom 1:3	40	is	is
Jarom 1:3	40.01	⌴	⌴
Jarom 1:3	41	exceeding	exceeding
Jarom 1:3	41.01	⌴	⌴
Jarom 1:3	42	merciful	merciful
Jarom 1:3	42.01	⌴	⌴
Jarom 1:3	43	unto	unto
Jarom 1:3	43.01	⌴	⌴
Jarom 1:3	44	them	them
Jarom 1:3	44.01	,	,
Jarom 1:3	44.02	⌴	⌴
Jarom 1:3	45	and	and
Jarom 1:3	45.01	⌴	⌴
Jarom 1:3	46	hath	has
Jarom 1:3	46.01	⌴	⌴
Jarom 1:3	47	not	not
Jarom 1:3	47.01	⌴	⌴
Jarom 1:3	48	as	as
Jarom 1:3	48.01	⌴	⌴
Jarom 1:3	49	yet	yet
Jarom 1:3	49.01	⌴	⌴
Jarom 1:3	50	swept	swept
Jarom 1:3	50.01	⌴	⌴
Jarom 1:3	51	them	them
Jarom 1:3	51.01	⌴	⌴
Jarom 1:3	52	off	off
Jarom 1:3	52.01	⌴	⌴
Jarom 1:3	53	from	from
Jarom 1:3	53.01	⌴	⌴
Jarom 1:3	54	the	the
Jarom 1:3	54.01	⌴	⌴
Jarom 1:3	55	face	face
Jarom 1:3	55.01	⌴	⌴
Jarom 1:3	56	of	of
Jarom 1:3	56.01	⌴	⌴
Jarom 1:3	57	the	the
Jarom 1:3	57.01	⌴	⌴
Jarom 1:3	58	land	land
Jarom 1:3	58.01	.	.
Jarom 1:4	1	And	And
Jarom 1:4	1.01	⌴	⌴
Jarom 1:4	2	there	there
Jarom 1:4	2.01	⌴	⌴
Jarom 1:4	3	are	are
Jarom 1:4	3.01	⌴	⌴
Jarom 1:4	4	many	many
Jarom 1:4	4.01	⌴	⌴
Jarom 1:4	5	among	among
Jarom 1:4	5.01	⌴	⌴
Jarom 1:4	6	us	us
Jarom 1:4	6.01	⌴	⌴
Jarom 1:4	7	which	who
Jarom 1:4	7.01	⌴	⌴
Jarom 1:4	8	have	have
Jarom 1:4	8.01	⌴	⌴
Jarom 1:4	9	many	many
Jarom 1:4	9.01	⌴	⌴
Jarom 1:4	10	revelations	revelations
Jarom 1:4	10.01	:	:
Jarom 1:4	10.02	⌴	⌴
Jarom 1:4	11	for	for
Jarom 1:4	11.01	⌴	⌴
Jarom 1:4	12	they	they
Jarom 1:4	12.01	⌴	⌴
Jarom 1:4	13	are	are
Jarom 1:4	13.01	⌴	⌴
Jarom 1:4	14	not	not
Jarom 1:4	14.01	⌴	⌴
Jarom 1:4	15	all	all
Jarom 1:4	15.01	⌴	⌴
Jarom 1:4	16	stiffnecked	stiffnecked
Jarom 1:4	16.01	.	.
Jarom 1:4	16.02	⌴	⌴
Jarom 1:4	17	And	And
Jarom 1:4	17.01	⌴	⌴
Jarom 1:4	18	as	as
Jarom 1:4	18.01	⌴	⌴
Jarom 1:4	19	many	many
Jarom 1:4	19.01	⌴	⌴
Jarom 1:4	20	as	as
Jarom 1:4	20.01	⌴	⌴
Jarom 1:4	21	are	are
Jarom 1:4	21.01	⌴	⌴
Jarom 1:4	22	not	not
Jarom 1:4	22.01	⌴	⌴
Jarom 1:4	23	stiffnecked	stiffnecked
Jarom 1:4	23.01	,	,
Jarom 1:4	23.02	⌴	⌴
Jarom 1:4	24	and	and
Jarom 1:4	24.01	⌴	⌴
Jarom 1:4	25	have	have
Jarom 1:4	25.01	⌴	⌴
Jarom 1:4	26	faith	faith
Jarom 1:4	26.01	,	,
Jarom 1:4	26.02	⌴	⌴
Jarom 1:4	27	have	have
Jarom 1:4	27.01	⌴	⌴
Jarom 1:4	28	communion	communion
Jarom 1:4	28.01	⌴	⌴
Jarom 1:4	29	with	with
Jarom 1:4	29.01	⌴	⌴
Jarom 1:4	30	the	the
Jarom 1:4	30.01	⌴	⌴
Jarom 1:4	31	Holy	Holy
Jarom 1:4	31.01	⌴	⌴
Jarom 1:4	32	Spirit	Spirit
Jarom 1:4	32.01	,	,
Jarom 1:4	32.02	⌴	⌴
Jarom 1:4	33	which	which
Jarom 1:4	33.01	⌴	⌴
Jarom 1:4	34	maketh	maketh
Jarom 1:4	34.01	⌴	⌴
Jarom 1:4	35	manifest	manifest
Jarom 1:4	35.01	⌴	⌴
Jarom 1:4	36	unto	unto
Jarom 1:4	36.01	⌴	⌴
Jarom 1:4	37	the	the
Jarom 1:4	37.01	⌴	⌴
Jarom 1:4	38	children	children
Jarom 1:4	38.01	⌴	⌴
Jarom 1:4	39	of	of
Jarom 1:4	39.01	⌴	⌴
Jarom 1:4	40	men	men
Jarom 1:4	40.01	,	,
Jarom 1:4	40.02	⌴	⌴
Jarom 1:4	41	according	according
Jarom 1:4	41.01	⌴	⌴
Jarom 1:4	42	to	to
Jarom 1:4	42.01	⌴	⌴
Jarom 1:4	43	their	their
Jarom 1:4	43.01	⌴	⌴
Jarom 1:4	44	faith	faith
Jarom 1:4	44.01	.	.
Jarom 1:5	1	And	And
Jarom 1:5	1.01	⌴	⌴
Jarom 1:5	2	now	now
Jarom 1:5	2.01	,	,
Jarom 1:5	2.02	⌴	⌴
Jarom 1:5	3	behold	behold
Jarom 1:5	3.01	,	,
Jarom 1:5	3.02	⌴	⌴
Jarom 1:5	4	two	two
Jarom 1:5	4.01	⌴	⌴
Jarom 1:5	5	hundred	hundred
Jarom 1:5	5.01	⌴	⌴
Jarom 1:5	6	years	years
Jarom 1:5	6.01	⌴	⌴
Jarom 1:5	7	had	had
Jarom 1:5	7.01	⌴	⌴
Jarom 1:5	8	passed	passed
Jarom 1:5	8.01	⌴	⌴
Jarom 1:5	9	away	away
Jarom 1:5	9.01	,	,
Jarom 1:5	9.02	⌴	⌴
Jarom 1:5	10	and	and
Jarom 1:5	10.01	⌴	⌴
Jarom 1:5	11	the	the
Jarom 1:5	11.01	⌴	⌴
Jarom 1:5	12	people	people
Jarom 1:5	12.01	⌴	⌴
Jarom 1:5	13	of	of
Jarom 1:5	13.01	⌴	⌴
Jarom 1:5	14	Nephi	Nephi
Jarom 1:5	14.01	⌴	⌴
Jarom 1:5	15	had	had
Jarom 1:5	15.01	⌴	⌴
Jarom 1:5	16	waxed	waxed
Jarom 1:5	16.01	⌴	⌴
Jarom 1:5	17	strong	strong
Jarom 1:5	17.01	⌴	⌴
Jarom 1:5	18	in	in
Jarom 1:5	18.01	⌴	⌴
Jarom 1:5	19	the	the
Jarom 1:5	19.01	⌴	⌴
Jarom 1:5	20	land	land
Jarom 1:5	20.01	.	.
Jarom 1:5	20.02	⌴	⌴
Jarom 1:5	21	They	They
Jarom 1:5	21.01	⌴	⌴
Jarom 1:5	22	observed	observed
Jarom 1:5	22.01	⌴	⌴
Jarom 1:5	23	to	to
Jarom 1:5	23.01	⌴	⌴
Jarom 1:5	24	keep	keep
Jarom 1:5	24.01	⌴	⌴
Jarom 1:5	25	the	the
Jarom 1:5	25.01	⌴	⌴
Jarom 1:5	26	law	law
Jarom 1:5	26.01	⌴	⌴
Jarom 1:5	27	of	of
Jarom 1:5	27.01	⌴	⌴
Jarom 1:5	28	Moses	Moses
Jarom 1:5	28.01	,	,
Jarom 1:5	28.02	⌴	⌴
Jarom 1:5	29	and	and
Jarom 1:5	29.01	⌴	⌴
Jarom 1:5	30	the	the
Jarom 1:5	30.01	⌴	⌴
Jarom 1:5	31	Sabbath	Sabbath
Jarom 1:5	31.01	⌴	⌴
Jarom 1:5	32	day	day
Jarom 1:5	32.01	⌴	⌴
Jarom 1:5	33	Holy	holy
Jarom 1:5	33.01	⌴	⌴
Jarom 1:5	34	unto	unto
Jarom 1:5	34.01	⌴	⌴
Jarom 1:5	35	the	the
Jarom 1:5	35.01	⌴	⌴
Jarom 1:5	36	Lord	Lord
Jarom 1:5	36.01	.	.
Jarom 1:5	36.02	⌴	⌴
Jarom 1:5	37	And	And
Jarom 1:5	37.01	⌴	⌴
Jarom 1:5	38	they	they
Jarom 1:5	38.01	⌴	⌴
Jarom 1:5	39	profaned	profaned
Jarom 1:5	39.01	⌴	⌴
Jarom 1:5	40	not	not
Jarom 1:5	40.01	;	;
Jarom 1:5	40.02	⌴	⌴
Jarom 1:5	41	neither	neither
Jarom 1:5	41.01	⌴	⌴
Jarom 1:5	42	did	did
Jarom 1:5	42.01	⌴	⌴
Jarom 1:5	43	they	they
Jarom 1:5	43.01	⌴	⌴
Jarom 1:5	44	blaspheme	blaspheme
Jarom 1:5	44.01	.	.
Jarom 1:5	44.02	⌴	⌴
Jarom 1:5	45	And	And
Jarom 1:5	45.01	⌴	⌴
Jarom 1:5	46	the	the
Jarom 1:5	46.01	⌴	⌴
Jarom 1:5	47	laws	laws
Jarom 1:5	47.01	⌴	⌴
Jarom 1:5	48	of	of
Jarom 1:5	48.01	⌴	⌴
Jarom 1:5	49	the	the
Jarom 1:5	49.01	⌴	⌴
Jarom 1:5	50	land	land
Jarom 1:5	50.01	⌴	⌴
Jarom 1:5	51	were	were
Jarom 1:5	51.01	⌴	⌴
Jarom 1:5	52	exceeding	exceeding
Jarom 1:5	52.01	⌴	⌴
Jarom 1:5	53	strict	strict
Jarom 1:5	53.01	.	.
Jarom 1:6	1	And	And
Jarom 1:6	1.01	⌴	⌴
Jarom 1:6	2	they	they
Jarom 1:6	2.01	⌴	⌴
Jarom 1:6	3	were	were
Jarom 1:6	3.01	⌴	⌴
Jarom 1:6	4	scattered	scattered
Jarom 1:6	4.01	⌴	⌴
Jarom 1:6	5	upon	upon
Jarom 1:6	5.01	⌴	⌴
Jarom 1:6	6	much	much
Jarom 1:6	6.01	⌴	⌴
Jarom 1:6	7	of	of
Jarom 1:6	7.01	⌴	⌴
Jarom 1:6	8	the	the
Jarom 1:6	8.01	⌴	⌴
Jarom 1:6	9	face	face
Jarom 1:6	9.01	⌴	⌴
Jarom 1:6	10	of	of
Jarom 1:6	10.01	⌴	⌴
Jarom 1:6	11	the	the
Jarom 1:6	11.01	⌴	⌴
Jarom 1:6	12	land	land
Jarom 1:6	12.01	;	;
Jarom 1:6	12.02	⌴	⌴
Jarom 1:6	13	and	and
Jarom 1:6	13.01	⌴	⌴
Jarom 1:6	14	the	the
Jarom 1:6	14.01	⌴	⌴
Jarom 1:6	15	Lamanites	Lamanites
Jarom 1:6	15.01	⌴	⌴
Jarom 1:6	16	also	also
Jarom 1:6	16.01	.	.
Jarom 1:6	16.02	⌴	⌴
Jarom 1:6	17	And	And
Jarom 1:6	17.01	⌴	⌴
Jarom 1:6	18	they	they
Jarom 1:6	18.01	⌴	⌴
Jarom 1:6	19	were	were
Jarom 1:6	19.01	⌴	⌴
Jarom 1:6	20	exceeding	exceeding
Jarom 1:6	20.01	⌴	⌴
Jarom 1:6	21	more	more
Jarom 1:6	21.01	⌴	⌴
Jarom 1:6	22	numerous	numerous
Jarom 1:6	22.01	⌴	⌴
Jarom 1:6	23	than	than
Jarom 1:6	23.01	⌴	⌴
Jarom 1:6	24	were	were
Jarom 1:6	24.01	⌴	⌴
Jarom 1:6	25	they	they
Jarom 1:6	25.01	⌴	⌴
Jarom 1:6	26	of	of
Jarom 1:6	26.01	⌴	⌴
Jarom 1:6	27	the	the
Jarom 1:6	27.01	⌴	⌴
Jarom 1:6	28	Nephites	Nephites
Jarom 1:6	28.01	;	;
Jarom 1:6	28.02	⌴	⌴
Jarom 1:6	29	and	and
Jarom 1:6	29.01	⌴	⌴
Jarom 1:6	30	they	they
Jarom 1:6	30.01	⌴	⌴
Jarom 1:6	31	loved	loved
Jarom 1:6	31.01	⌴	⌴
Jarom 1:6	32	murder	murder
Jarom 1:6	32.01	,	,
Jarom 1:6	32.02	⌴	⌴
Jarom 1:6	33	and	and
Jarom 1:6	33.01	⌴	⌴
Jarom 1:6	34	would	would
Jarom 1:6	34.01	⌴	⌴
Jarom 1:6	35	drink	drink
Jarom 1:6	35.01	⌴	⌴
Jarom 1:6	36	the	the
Jarom 1:6	36.01	⌴	⌴
Jarom 1:6	37	blood	blood
Jarom 1:6	37.01	⌴	⌴
Jarom 1:6	38	of	of
Jarom 1:6	38.01	⌴	⌴
Jarom 1:6	39	beasts	beasts
Jarom 1:6	39.01	.	.
Jarom 1:7	1	And	And
Jarom 1:7	1.01	⌴	⌴
Jarom 1:7	2	it	it
Jarom 1:7	2.01	⌴	⌴
Jarom 1:7	3	came	came
Jarom 1:7	3.01	⌴	⌴
Jarom 1:7	4	to	to
Jarom 1:7	4.01	⌴	⌴
Jarom 1:7	5	pass	pass
Jarom 1:7	5.01	⌴	⌴
Jarom 1:7	6	that	that
Jarom 1:7	6.01	⌴	⌴
Jarom 1:7	7	they	they
Jarom 1:7	7.01	⌴	⌴
Jarom 1:7	8	came	came
Jarom 1:7	8.01	⌴	⌴
Jarom 1:7	9	many	many
Jarom 1:7	9.01	⌴	⌴
Jarom 1:7	10	times	times
Jarom 1:7	10.01	⌴	⌴
Jarom 1:7	11	against	against
Jarom 1:7	11.01	⌴	⌴
Jarom 1:7	12	us	us
Jarom 1:7	12.01	,	,
Jarom 1:7	12.02	⌴	⌴
Jarom 1:7	13	the	the
Jarom 1:7	13.01	⌴	⌴
Jarom 1:7	14	Nephites	Nephites
Jarom 1:7	14.01	,	,
Jarom 1:7	14.02	⌴	⌴
Jarom 1:7	15	to	to
Jarom 1:7	15.01	⌴	⌴
Jarom 1:7	16	battle	battle
Jarom 1:7	16.01	.	.
Jarom 1:7	16.02	⌴	⌴
Jarom 1:7	17	But	But
Jarom 1:7	17.01	⌴	⌴
Jarom 1:7	18	our	our
Jarom 1:7	18.01	⌴	⌴
Jarom 1:7	19	kings	kings
Jarom 1:7	19.01	⌴	⌴
Jarom 1:7	20	and	and
Jarom 1:7	20.01	⌴	⌴
Jarom 1:7	21	our	our
Jarom 1:7	21.01	⌴	⌴
Jarom 1:7	22	leaders	leaders
Jarom 1:7	22.01	⌴	⌴
Jarom 1:7	23	were	were
Jarom 1:7	23.01	⌴	⌴
Jarom 1:7	24	mighty	mighty
Jarom 1:7	24.01	⌴	⌴
Jarom 1:7	25	men	men
Jarom 1:7	25.01	⌴	⌴
Jarom 1:7	26	in	in
Jarom 1:7	26.01	⌴	⌴
Jarom 1:7	27	the	the
Jarom 1:7	27.01	⌴	⌴
Jarom 1:7	28	faith	faith
Jarom 1:7	28.01	⌴	⌴
Jarom 1:7	29	of	of
Jarom 1:7	29.01	⌴	⌴
Jarom 1:7	30	the	the
Jarom 1:7	30.01	⌴	⌴
Jarom 1:7	31	Lord	Lord
Jarom 1:7	31.01	;	;
Jarom 1:7	31.02	⌴	⌴
Jarom 1:7	32	and	and
Jarom 1:7	32.01	⌴	⌴
Jarom 1:7	33	they	they
Jarom 1:7	33.01	⌴	⌴
Jarom 1:7	34	taught	taught
Jarom 1:7	34.01	⌴	⌴
Jarom 1:7	35	the	the
Jarom 1:7	35.01	⌴	⌴
Jarom 1:7	36	people	people
Jarom 1:7	36.01	⌴	⌴
Jarom 1:7	37	the	the
Jarom 1:7	37.01	⌴	⌴
Jarom 1:7	38	ways	ways
Jarom 1:7	38.01	⌴	⌴
Jarom 1:7	39	of	of
Jarom 1:7	39.01	⌴	⌴
Jarom 1:7	40	the	the
Jarom 1:7	40.01	⌴	⌴
Jarom 1:7	41	Lord	Lord
Jarom 1:7	41.01	;	;
Jarom 1:7	41.02	⌴	⌴
Jarom 1:7	42	wherefore	wherefore
Jarom 1:7	42.01	,	,
Jarom 1:7	42.02	⌴	⌴
Jarom 1:7	43	we	we
Jarom 1:7	43.01	⌴	⌴
Jarom 1:7	44	withstood	withstood
Jarom 1:7	44.01	⌴	⌴
Jarom 1:7	45	the	the
Jarom 1:7	45.01	⌴	⌴
Jarom 1:7	46	Lamanites	Lamanites
Jarom 1:7	46.01	,	,
Jarom 1:7	46.02	⌴	⌴
Jarom 1:7	47	and	and
Jarom 1:7	47.01	⌴	⌴
Jarom 1:7	48	swept	swept
Jarom 1:7	48.01	⌴	⌴
Jarom 1:7	49	them	them
Jarom 1:7	49.01	⌴	⌴
Jarom 1:7	50	away	away
Jarom 1:7	50.01	⌴	⌴
Jarom 1:7	51	out	out
Jarom 1:7	51.01	⌴	⌴
Jarom 1:7	52	of	of
Jarom 1:7	52.01	⌴	⌴
Jarom 1:7	53	our	our
Jarom 1:7	53.01	⌴	⌴
Jarom 1:7	54	lands	lands
Jarom 1:7	54.01	,	,
Jarom 1:7	54.02	⌴	⌴
Jarom 1:7	55	and	and
Jarom 1:7	55.01	⌴	⌴
Jarom 1:7	56	began	began
Jarom 1:7	56.01	⌴	⌴
Jarom 1:7	57	to	to
Jarom 1:7	57.01	⌴	⌴
Jarom 1:7	58	fortify	fortify
Jarom 1:7	58.01	⌴	⌴
Jarom 1:7	59	our	our
Jarom 1:7	59.01	⌴	⌴
Jarom 1:7	60	cities	cities
Jarom 1:7	60.01	,	,
Jarom 1:7	60.02	⌴	⌴
Jarom 1:7	61	or	or
Jarom 1:7	61.01	⌴	⌴
Jarom 1:7	62	whatsoever	whatsoever
Jarom 1:7	62.01	⌴	⌴
Jarom 1:7	63	place	place
Jarom 1:7	63.01	⌴	⌴
Jarom 1:7	64	of	of
Jarom 1:7	64.01	⌴	⌴
Jarom 1:7	65	our	our
Jarom 1:7	65.01	⌴	⌴
Jarom 1:7	66	inheritance	inheritance
Jarom 1:7	66.01	.	.—
Jarom 1:8	1	And	And
Jarom 1:8	1.01	⌴	⌴
Jarom 1:8	2	we	we
Jarom 1:8	2.01	⌴	⌴
Jarom 1:8	3	multiplied	multiplied
Jarom 1:8	3.01	⌴	⌴
Jarom 1:8	4	exceedingly	exceedingly
Jarom 1:8	4.01	,	,
Jarom 1:8	4.02	⌴	⌴
Jarom 1:8	5	and	and
Jarom 1:8	5.01	⌴	⌴
Jarom 1:8	6	spread	spread
Jarom 1:8	6.01	⌴	⌴
Jarom 1:8	7	upon	upon
Jarom 1:8	7.01	⌴	⌴
Jarom 1:8	8	the	the
Jarom 1:8	8.01	⌴	⌴
Jarom 1:8	9	face	face
Jarom 1:8	9.01	⌴	⌴
Jarom 1:8	10	of	of
Jarom 1:8	10.01	⌴	⌴
Jarom 1:8	11	the	the
Jarom 1:8	11.01	⌴	⌴
Jarom 1:8	12	land	land
Jarom 1:8	12.01	,	,
Jarom 1:8	12.02	⌴	⌴
Jarom 1:8	13	and	and
Jarom 1:8	13.01	⌴	⌴
Jarom 1:8	14	became	became
Jarom 1:8	14.01	⌴	⌴
Jarom 1:8	15	exceeding	exceeding
Jarom 1:8	15.01	⌴	⌴
Jarom 1:8	16	rich	rich
Jarom 1:8	16.01	⌴	⌴
Jarom 1:8	17	in	in
Jarom 1:8	17.01	⌴	⌴
Jarom 1:8	18	gold	gold
Jarom 1:8	18.01	,	,
Jarom 1:8	18.02	⌴	⌴
Jarom 1:8	19	and	and
Jarom 1:8	19.01	⌴	⌴
Jarom 1:8	20	in	in
Jarom 1:8	20.01	⌴	⌴
Jarom 1:8	21	silver	silver
Jarom 1:8	21.01	,	,
Jarom 1:8	21.02	⌴	⌴
Jarom 1:8	22	and	and
Jarom 1:8	22.01	⌴	⌴
Jarom 1:8	23	in	in
Jarom 1:8	23.01	⌴	⌴
Jarom 1:8	24	precious	precious
Jarom 1:8	24.01	⌴	⌴
Jarom 1:8	25	things	things
Jarom 1:8	25.01	,	,
Jarom 1:8	25.02	⌴	⌴
Jarom 1:8	26	and	and
Jarom 1:8	26.01	⌴	⌴
Jarom 1:8	27	in	in
Jarom 1:8	27.01	⌴	⌴
Jarom 1:8	28	fine	fine
Jarom 1:8	28.01	⌴	⌴
Jarom 1:8	29	workmanship	workmanship
Jarom 1:8	29.01	⌴	⌴
Jarom 1:8	30	of	of
Jarom 1:8	30.01	⌴	⌴
Jarom 1:8	31	wood	wood
Jarom 1:8	31.01	,	,
Jarom 1:8	31.02	⌴	⌴
Jarom 1:8	32	in	in
Jarom 1:8	32.01	⌴	⌴
Jarom 1:8	33	buildings	buildings
Jarom 1:8	33.01	,	,
Jarom 1:8	33.02	⌴	⌴
Jarom 1:8	34	and	and
Jarom 1:8	34.01	⌴	⌴
Jarom 1:8	35	in	in
Jarom 1:8	35.01	⌴	⌴
Jarom 1:8	36	machinery	machinery
Jarom 1:8	36.01	,	,
Jarom 1:8	36.02	⌴	⌴
Jarom 1:8	37	and	and
Jarom 1:8	37.01	⌴	⌴
Jarom 1:8	38	also	also
Jarom 1:8	38.01	⌴	⌴
Jarom 1:8	39	in	in
Jarom 1:8	39.01	⌴	⌴
Jarom 1:8	40	iron	iron
Jarom 1:8	40.01	,	,
Jarom 1:8	40.02	⌴	⌴
Jarom 1:8	41	and	and
Jarom 1:8	41.01	⌴	⌴
Jarom 1:8	42	copper	copper
Jarom 1:8	42.01	,	,
Jarom 1:8	42.02	⌴	⌴
Jarom 1:8	43	and	and
Jarom 1:8	43.01	⌴	⌴
Jarom 1:8	44	brass	brass
Jarom 1:8	44.01	,	,
Jarom 1:8	44.02	⌴	⌴
Jarom 1:8	45	and	and
Jarom 1:8	45.01	⌴	⌴
Jarom 1:8	46	steel	steel
Jarom 1:8	46.01	,	,
Jarom 1:8	46.02	⌴	⌴
Jarom 1:8	47	making	making
Jarom 1:8	47.01	⌴	⌴
Jarom 1:8	48	all	all
Jarom 1:8	48.01	⌴	⌴
Jarom 1:8	49	manner	manner
Jarom 1:8	49.01	⌴	⌴
Jarom 1:8	50	of	of
Jarom 1:8	50.01	⌴	⌴
Jarom 1:8	51	tools	tools
Jarom 1:8	51.01	⌴	⌴
Jarom 1:8	52	of	of
Jarom 1:8	52.01	⌴	⌴
Jarom 1:8	53	every	every
Jarom 1:8	53.01	⌴	⌴
Jarom 1:8	54	kind	kind
Jarom 1:8	54.01	⌴	⌴
Jarom 1:8	55	to	to
Jarom 1:8	55.01	⌴	⌴
Jarom 1:8	56	till	till
Jarom 1:8	56.01	⌴	⌴
Jarom 1:8	57	the	the
Jarom 1:8	57.01	⌴	⌴
Jarom 1:8	58	ground	ground
Jarom 1:8	58.01	,	,
Jarom 1:8	58.02	⌴	⌴
Jarom 1:8	59	and	and
Jarom 1:8	59.01	⌴	⌴
Jarom 1:8	60	weapons	weapons
Jarom 1:8	60.01	⌴	⌴
Jarom 1:8	61	of	of
Jarom 1:8	61.01	⌴	⌴
Jarom 1:8	62	war	war
Jarom 1:8	62.01	;	;
Jarom 1:8	62.02	⌴	⌴
Jarom 1:8	63	yea	yea
Jarom 1:8	63.01	,	,
Jarom 1:8	63.02	⌴	⌴
Jarom 1:8	64	the	the
Jarom 1:8	64.01	⌴	⌴
Jarom 1:8	65	sharp	sharp
Jarom 1:8	65.01	⌴	⌴
Jarom 1:8	66	pointed	pointed
Jarom 1:8	66.01	⌴	⌴
Jarom 1:8	67	arrow	arrow
Jarom 1:8	67.01	,	,
Jarom 1:8	67.02	⌴	⌴
Jarom 1:8	68	and	and
Jarom 1:8	68.01	⌴	⌴
Jarom 1:8	69	the	the
Jarom 1:8	69.01	⌴	⌴
Jarom 1:8	70	quiver	quiver
Jarom 1:8	70.01	,	,
Jarom 1:8	70.02	⌴	⌴
Jarom 1:8	71	and	and
Jarom 1:8	71.01	⌴	⌴
Jarom 1:8	72	the	the
Jarom 1:8	72.01	⌴	⌴
Jarom 1:8	73	dart	dart
Jarom 1:8	73.01	,	,
Jarom 1:8	73.02	⌴	⌴
Jarom 1:8	74	and	and
Jarom 1:8	74.01	⌴	⌴
Jarom 1:8	75	the	the
Jarom 1:8	75.01	⌴	⌴
Jarom 1:8	76	javelin	javelin
Jarom 1:8	76.01	,	,
Jarom 1:8	76.02	⌴	⌴
Jarom 1:8	77	and	and
Jarom 1:8	77.01	⌴	⌴
Jarom 1:8	78	all	all
Jarom 1:8	78.01	⌴	⌴
Jarom 1:8	79	preparations	preparations
Jarom 1:8	79.01	⌴	⌴
Jarom 1:8	80	for	for
Jarom 1:8	80.01	⌴	⌴
Jarom 1:8	81	war	war
Jarom 1:8	81.01	;	;
Jarom 1:9	1	and	and
Jarom 1:9	1.01	⌴	⌴
Jarom 1:9	2	thus	thus
Jarom 1:9	2.01	⌴	⌴
Jarom 1:9	3	being	being
Jarom 1:9	3.01	⌴	⌴
Jarom 1:9	4	prepared	prepared
Jarom 1:9	4.01	⌴	⌴
Jarom 1:9	5	to	to
Jarom 1:9	5.01	⌴	⌴
Jarom 1:9	6	meet	meet
Jarom 1:9	6.01	⌴	⌴
Jarom 1:9	7	the	the
Jarom 1:9	7.01	⌴	⌴
Jarom 1:9	8	Lamanites	Lamanites
Jarom 1:9	8.01	,	,
Jarom 1:9	8.02	⌴	⌴
Jarom 1:9	9	they	they
Jarom 1:9	9.01	⌴	⌴
Jarom 1:9	10	did	did
Jarom 1:9	10.01	⌴	⌴
Jarom 1:9	11	not	not
Jarom 1:9	11.01	⌴	⌴
Jarom 1:9	12	prosper	prosper
Jarom 1:9	12.01	⌴	⌴
Jarom 1:9	13	against	against
Jarom 1:9	13.01	⌴	⌴
Jarom 1:9	14	us	us
Jarom 1:9	14.01	.	.
Jarom 1:9	14.02	⌴	⌴
Jarom 1:9	15	But	But
Jarom 1:9	15.01	⌴	⌴
Jarom 1:9	16	the	the
Jarom 1:9	16.01	⌴	⌴
Jarom 1:9	17	word	word
Jarom 1:9	17.01	⌴	⌴
Jarom 1:9	18	of	of
Jarom 1:9	18.01	⌴	⌴
Jarom 1:9	19	the	the
Jarom 1:9	19.01	⌴	⌴
Jarom 1:9	20	Lord	Lord
Jarom 1:9	20.01	⌴	⌴
Jarom 1:9	21	was	was
Jarom 1:9	21.01	⌴	⌴
Jarom 1:9	22	verified	verified
Jarom 1:9	22.01	,	,
Jarom 1:9	22.02	⌴	⌴
Jarom 1:9	23	which	which
Jarom 1:9	23.01	⌴	⌴
Jarom 1:9	24	he	he
Jarom 1:9	24.01	⌴	⌴
Jarom 1:9	25	spake	spake
Jarom 1:9	25.01	⌴	⌴
Jarom 1:9	26	unto	unto
Jarom 1:9	26.01	⌴	⌴
Jarom 1:9	27	our	our
Jarom 1:9	27.01	⌴	⌴
Jarom 1:9	28	fathers	fathers
Jarom 1:9	28.01	,	,
Jarom 1:9	28.02	⌴	⌴
Jarom 1:9	29	saying	saying
Jarom 1:9	29.01	,	,
Jarom 1:9	29.02	⌴	⌴
Jarom 1:9	30	That	That
Jarom 1:9	30.01	⌴	⌴
Jarom 1:9	31	inasmuch	inasmuch
Jarom 1:9	31.01	⌴	⌴
Jarom 1:9	32	as	as
Jarom 1:9	32.01	⌴	⌴
Jarom 1:9	33	ye	ye
Jarom 1:9	33.01	⌴	⌴
Jarom 1:9	34	will	will
Jarom 1:9	34.01	⌴	⌴
Jarom 1:9	35	keep	keep
Jarom 1:9	35.01	⌴	⌴
Jarom 1:9	36	my	my
Jarom 1:9	36.01	⌴	⌴
Jarom 1:9	37	commandments	commandments
Jarom 1:9	37.01	,	,
Jarom 1:9	37.02	⌴	⌴
Jarom 1:9	38	ye	ye
Jarom 1:9	38.01	⌴	⌴
Jarom 1:9	39	shall	shall
Jarom 1:9	39.01	⌴	⌴
Jarom 1:9	40	prosper	prosper
Jarom 1:9	40.01	⌴	⌴
Jarom 1:9	41	in	in
Jarom 1:9	41.01	⌴	⌴
Jarom 1:9	42	the	the
Jarom 1:9	42.01	⌴	⌴
Jarom 1:9	43	land	land
Jarom 1:9	43.01	.	.
Jarom 1:10	1	And	And
Jarom 1:10	1.01	⌴	⌴
Jarom 1:10	2	it	it
Jarom 1:10	2.01	⌴	⌴
Jarom 1:10	3	came	came
Jarom 1:10	3.01	⌴	⌴
Jarom 1:10	4	to	to
Jarom 1:10	4.01	⌴	⌴
Jarom 1:10	5	pass	pass
Jarom 1:10	5.01	⌴	⌴
Jarom 1:10	6	that	that
Jarom 1:10	6.01	⌴	⌴
Jarom 1:10	7	the	the
Jarom 1:10	7.01	⌴	⌴
Jarom 1:10	8	prophets	prophets
Jarom 1:10	8.01	⌴	⌴
Jarom 1:10	9	of	of
Jarom 1:10	9.01	⌴	⌴
Jarom 1:10	10	the	the
Jarom 1:10	10.01	⌴	⌴
Jarom 1:10	11	Lord	Lord
Jarom 1:10	11.01	⌴	⌴
Jarom 1:10	12	did	did
Jarom 1:10	12.01	⌴	⌴
Jarom 1:10	13	threaten	threaten
Jarom 1:10	13.01	⌴	⌴
Jarom 1:10	14	the	the
Jarom 1:10	14.01	⌴	⌴
Jarom 1:10	15	people	people
Jarom 1:10	15.01	⌴	⌴
Jarom 1:10	16	of	of
Jarom 1:10	16.01	⌴	⌴
Jarom 1:10	17	Nephi	Nephi
Jarom 1:10	17.01	,	,
Jarom 1:10	17.02	⌴	⌴
Jarom 1:10	18	according	according
Jarom 1:10	18.01	⌴	⌴
Jarom 1:10	19	to	to
Jarom 1:10	19.01	⌴	⌴
Jarom 1:10	20	the	the
Jarom 1:10	20.01	⌴	⌴
Jarom 1:10	21	word	word
Jarom 1:10	21.01	⌴	⌴
Jarom 1:10	22	of	of
Jarom 1:10	22.01	⌴	⌴
Jarom 1:10	23	God	God
Jarom 1:10	23.01	,	,
Jarom 1:10	23.02	⌴	⌴
Jarom 1:10	24	that	that
Jarom 1:10	24.01	⌴	⌴
Jarom 1:10	25	if	if
Jarom 1:10	25.01	⌴	⌴
Jarom 1:10	26	they	they
Jarom 1:10	26.01	⌴	⌴
Jarom 1:10	27	did	did
Jarom 1:10	27.01	⌴	⌴
Jarom 1:10	28	not	not
Jarom 1:10	28.01	⌴	⌴
Jarom 1:10	29	keep	keep
Jarom 1:10	29.01	⌴	⌴
Jarom 1:10	30	the	the
Jarom 1:10	30.01	⌴	⌴
Jarom 1:10	31	commandments	commandments
Jarom 1:10	31.01	,	,
Jarom 1:10	31.02	⌴	⌴
Jarom 1:10	32	but	but
Jarom 1:10	32.01	⌴	⌴
Jarom 1:10	33	should	should
Jarom 1:10	33.01	⌴	⌴
Jarom 1:10	34	fall	fall
Jarom 1:10	34.01	⌴	⌴
Jarom 1:10	35	into	into
Jarom 1:10	35.01	⌴	⌴
Jarom 1:10	36	transgression	transgression
Jarom 1:10	36.01	,	,
Jarom 1:10	36.02	⌴	⌴
Jarom 1:10	37	they	they
Jarom 1:10	37.01	⌴	⌴
Jarom 1:10	38	should	should
Jarom 1:10	38.01	⌴	⌴
Jarom 1:10	39	be	be
Jarom 1:10	39.01	⌴	⌴
Jarom 1:10	40	destroyed	destroyed
Jarom 1:10	40.01	⌴	⌴
Jarom 1:10	41	from	from
Jarom 1:10	41.01	⌴	⌴
Jarom 1:10	42	off	off
Jarom 1:10	42.01	⌴	⌴
Jarom 1:10	43	the	the
Jarom 1:10	43.01	⌴	⌴
Jarom 1:10	44	face	face
Jarom 1:10	44.01	⌴	⌴
Jarom 1:10	45	of	of
Jarom 1:10	45.01	⌴	⌴
Jarom 1:10	46	the	the
Jarom 1:10	46.01	⌴	⌴
Jarom 1:10	47	land	land
Jarom 1:10	47.01	;	;
Jarom 1:11	1	wherefore	wherefore
Jarom 1:11	1.01	,	,
Jarom 1:11	1.02	⌴	⌴
Jarom 1:11	2	the	the
Jarom 1:11	2.01	⌴	⌴
Jarom 1:11	3	prophets	prophets
Jarom 1:11	3.01	,	,
Jarom 1:11	3.02	⌴	⌴
Jarom 1:11	4	and	and
Jarom 1:11	4.01	⌴	⌴
Jarom 1:11	5	the	the
Jarom 1:11	5.01	⌴	⌴
Jarom 1:11	6	priests	priests
Jarom 1:11	6.01	,	,
Jarom 1:11	6.02	⌴	⌴
Jarom 1:11	7	and	and
Jarom 1:11	7.01	⌴	⌴
Jarom 1:11	8	the	the
Jarom 1:11	8.01	⌴	⌴
Jarom 1:11	9	teachers	teachers
Jarom 1:11	9.01	,	,
Jarom 1:11	9.02	⌴	⌴
Jarom 1:11	10	did	did
Jarom 1:11	10.01	⌴	⌴
Jarom 1:11	11	labor	labor
Jarom 1:11	11.01	⌴	⌴
Jarom 1:11	12	diligently	diligently
Jarom 1:11	12.01	,	,
Jarom 1:11	12.02	⌴	⌴
Jarom 1:11	13	exhorting	exhorting
Jarom 1:11	13.01	,	,
Jarom 1:11	13.02	⌴	⌴
Jarom 1:11	14	with	with
Jarom 1:11	14.01	⌴	⌴
Jarom 1:11	15	all	all
Jarom 1:11	15.01	⌴	⌴
Jarom 1:11	16	long	long
Jarom 1:11	16.01	⌴	⌴
Jarom 1:11	17	suffering	suffering
Jarom 1:11	17.01	,	,
Jarom 1:11	17.02	⌴	⌴
Jarom 1:11	18	the	the
Jarom 1:11	18.01	⌴	⌴
Jarom 1:11	19	people	people
Jarom 1:11	19.01	⌴	⌴
Jarom 1:11	20	to	to
Jarom 1:11	20.01	⌴	⌴
Jarom 1:11	21	diligence	diligence
Jarom 1:11	21.01	;	;
Jarom 1:11	21.02	⌴	⌴
Jarom 1:11	22	teaching	teaching
Jarom 1:11	22.01	⌴	⌴
Jarom 1:11	23	the	the
Jarom 1:11	23.01	⌴	⌴
Jarom 1:11	24	law	law
Jarom 1:11	24.01	⌴	⌴
Jarom 1:11	25	of	of
Jarom 1:11	25.01	⌴	⌴
Jarom 1:11	26	Moses	Moses
Jarom 1:11	26.01	,	,
Jarom 1:11	26.02	⌴	⌴
Jarom 1:11	27	and	and
Jarom 1:11	27.01	⌴	⌴
Jarom 1:11	28	the	the
Jarom 1:11	28.01	⌴	⌴
Jarom 1:11	29	intent	intent
Jarom 1:11	29.01	⌴	⌴
Jarom 1:11	30	for	for
Jarom 1:11	30.01	⌴	⌴
Jarom 1:11	31	which	which
Jarom 1:11	31.01	⌴	⌴
Jarom 1:11	32	it	it
Jarom 1:11	32.01	⌴	⌴
Jarom 1:11	33	was	was
Jarom 1:11	33.01	⌴	⌴
Jarom 1:11	34	given	given
Jarom 1:11	34.01	;	;
Jarom 1:11	34.02	⌴	⌴
Jarom 1:11	35	persuading	persuading
Jarom 1:11	35.01	⌴	⌴
Jarom 1:11	36	them	them
Jarom 1:11	36.01	⌴	⌴
Jarom 1:11	37	to	to
Jarom 1:11	37.01	⌴	⌴
Jarom 1:11	38	look	look
Jarom 1:11	38.01	⌴	⌴
Jarom 1:11	39	forward	forward
Jarom 1:11	39.01	⌴	⌴
Jarom 1:11	40	unto	unto
Jarom 1:11	40.01	⌴	⌴
Jarom 1:11	41	the	the
Jarom 1:11	41.01	⌴	⌴
Jarom 1:11	42	Messiah	Messiah
Jarom 1:11	42.01	,	,
Jarom 1:11	42.02	⌴	⌴
Jarom 1:11	43	and	and
Jarom 1:11	43.01	⌴	⌴
Jarom 1:11	44	believe	believe
Jarom 1:11	44.01	⌴	⌴
Jarom 1:11	45	in	in
Jarom 1:11	45.01	⌴	⌴
Jarom 1:11	46	him	him
Jarom 1:11	46.01	⌴	⌴
Jarom 1:11	47	to	to
Jarom 1:11	47.01	⌴	⌴
Jarom 1:11	48	come	come
Jarom 1:11	48.01	,	,
Jarom 1:11	48.02	⌴	⌴
Jarom 1:11	49	as	as
Jarom 1:11	49.01	⌴	⌴
Jarom 1:11	50	though	though
Jarom 1:11	50.01	⌴	⌴
Jarom 1:11	51	he	he
Jarom 1:11	51.01	⌴	⌴
Jarom 1:11	52	already	already
Jarom 1:11	52.01	⌴	⌴
Jarom 1:11	53	was	was
Jarom 1:11	53.01	.	.
Jarom 1:11	53.02	⌴	⌴
Jarom 1:11	54	And	And
Jarom 1:11	54.01	⌴	⌴
Jarom 1:11	55	after	after
Jarom 1:11	55.01	⌴	⌴
Jarom 1:11	56	this	this
Jarom 1:11	56.01	⌴	⌴
Jarom 1:11	57	manner	manner
Jarom 1:11	57.01	⌴	⌴
Jarom 1:11	58	did	did
Jarom 1:11	58.01	⌴	⌴
Jarom 1:11	59	they	they
Jarom 1:11	59.01	⌴	⌴
Jarom 1:11	60	teach	teach
Jarom 1:11	60.01	⌴	⌴
Jarom 1:11	61	them	them
Jarom 1:11	61.01	.	.
Jarom 1:12	1	And	And
Jarom 1:12	1.01	⌴	⌴
Jarom 1:12	2	it	it
Jarom 1:12	2.01	⌴	⌴
Jarom 1:12	3	came	came
Jarom 1:12	3.01	⌴	⌴
Jarom 1:12	4	to	to
Jarom 1:12	4.01	⌴	⌴
Jarom 1:12	5	pass	pass
Jarom 1:12	5.01	⌴	⌴
Jarom 1:12	6	that	that
Jarom 1:12	6.01	⌴	⌴
Jarom 1:12	7	by	by
Jarom 1:12	7.01	⌴	⌴
Jarom 1:12	8	so	so
Jarom 1:12	8.01	⌴	⌴
Jarom 1:12	9	doing	doing
Jarom 1:12	9.01	,	,
Jarom 1:12	9.02	⌴	⌴
Jarom 1:12	10	they	they
Jarom 1:12	10.01	⌴	⌴
Jarom 1:12	11	kept	kept
Jarom 1:12	11.01	⌴	⌴
Jarom 1:12	12	them	them
Jarom 1:12	12.01	⌴	⌴
Jarom 1:12	13	from	from
Jarom 1:12	13.01	⌴	⌴
Jarom 1:12	14	being	being
Jarom 1:12	14.01	⌴	⌴
Jarom 1:12	15	destroyed	destroyed
Jarom 1:12	15.01	⌴	⌴
Jarom 1:12	16	upon	upon
Jarom 1:12	16.01	⌴	⌴
Jarom 1:12	17	the	the
Jarom 1:12	17.01	⌴	⌴
Jarom 1:12	18	face	face
Jarom 1:12	18.01	⌴	⌴
Jarom 1:12	19	of	of
Jarom 1:12	19.01	⌴	⌴
Jarom 1:12	20	the	the
Jarom 1:12	20.01	⌴	⌴
Jarom 1:12	21	land	land
Jarom 1:12	21.01	:	:
Jarom 1:12	21.02	⌴	⌴
Jarom 1:12	22	for	for
Jarom 1:12	22.01	⌴	⌴
Jarom 1:12	23	they	they
Jarom 1:12	23.01	⌴	⌴
Jarom 1:12	24	did	did
Jarom 1:12	24.01	⌴	⌴
Jarom 1:12	25	prick	prick
Jarom 1:12	25.01	⌴	⌴
Jarom 1:12	26	their	their
Jarom 1:12	26.01	⌴	⌴
Jarom 1:12	27	hearts	hearts
Jarom 1:12	27.01	⌴	⌴
Jarom 1:12	28	with	with
Jarom 1:12	28.01	⌴	⌴
Jarom 1:12	29	the	the
Jarom 1:12	29.01	⌴	⌴
Jarom 1:12	30	word	word
Jarom 1:12	30.01	,	,
Jarom 1:12	30.02	⌴	⌴
Jarom 1:12	31	continually	continually
Jarom 1:12	31.01	⌴	⌴
Jarom 1:12	32	stirring	stirring
Jarom 1:12	32.01	⌴	⌴
Jarom 1:12	33	them	them
Jarom 1:12	33.01	⌴	⌴
Jarom 1:12	34	up	up
Jarom 1:12	34.01	⌴	⌴
Jarom 1:12	35	unto	unto
Jarom 1:12	35.01	⌴	⌴
Jarom 1:12	36	repentance	repentance
Jarom 1:12	36.01	.	.
Jarom 1:13	1	And	And
Jarom 1:13	1.01	⌴	⌴
Jarom 1:13	2	it	it
Jarom 1:13	2.01	⌴	⌴
Jarom 1:13	3	came	came
Jarom 1:13	3.01	⌴	⌴
Jarom 1:13	4	to	to
Jarom 1:13	4.01	⌴	⌴
Jarom 1:13	5	pass	pass
Jarom 1:13	5.01	⌴	⌴
Jarom 1:13	6	that	that
Jarom 1:13	6.01	⌴	⌴
Jarom 1:13	7	two	two
Jarom 1:13	7.01	⌴	⌴
Jarom 1:13	8	hundred	hundred
Jarom 1:13	8.01	⌴	⌴
Jarom 1:13	9	and	and
Jarom 1:13	9.01	⌴	⌴
Jarom 1:13	10	thirty	thirty
Jarom 1:13	10.01	⌴	⌴
Jarom 1:13	11	and	and
Jarom 1:13	11.01	⌴	⌴
Jarom 1:13	12	eight	eight
Jarom 1:13	12.01	⌴	⌴
Jarom 1:13	13	years	years
Jarom 1:13	13.01	⌴	⌴
Jarom 1:13	14	had	had
Jarom 1:13	14.01	⌴	⌴
Jarom 1:13	15	passed	passed
Jarom 1:13	15.01	⌴	⌴
Jarom 1:13	16	away	away
Jarom 1:13	16.01	,	,
Jarom 1:13	16.02	⌴	⌴
Jarom 1:13	17	after	after
Jarom 1:13	17.01	⌴	⌴
Jarom 1:13	18	the	the
Jarom 1:13	18.01	⌴	⌴
Jarom 1:13	19	manner	manner
Jarom 1:13	19.01	⌴	⌴
Jarom 1:13	20	of	of
Jarom 1:13	20.01	⌴	⌴
Jarom 1:13	21	wars	wars
Jarom 1:13	21.01	,	,
Jarom 1:13	21.02	⌴	⌴
Jarom 1:13	22	and	and
Jarom 1:13	22.01	⌴	⌴
Jarom 1:13	23	contentions	contentions
Jarom 1:13	23.01	,	,
Jarom 1:13	23.02	⌴	⌴
Jarom 1:13	24	and	and
Jarom 1:13	24.01	⌴	⌴
Jarom 1:13	25	dissentions	dissensions
Jarom 1:13	25.01	,	,
Jarom 1:13	25.02	⌴	⌴
Jarom 1:13	26	for	for
Jarom 1:13	26.01	⌴	⌴
Jarom 1:13	27	the	the
Jarom 1:13	27.01	⌴	⌴
Jarom 1:13	28	space	space
Jarom 1:13	28.01	⌴	⌴
Jarom 1:13	29	of	of
Jarom 1:13	29.01	⌴	⌴
Jarom 1:13	30	much	much
Jarom 1:13	30.01	⌴	⌴
Jarom 1:13	31	of	of
Jarom 1:13	31.01	⌴	⌴
Jarom 1:13	32	the	the
Jarom 1:13	32.01	⌴	⌴
Jarom 1:13	33	time	time
Jarom 1:13	33.01	.	.
Jarom 1:14	1	And	And
Jarom 1:14	1.01	⌴	⌴
Jarom 1:14	2	I	I
Jarom 1:14	2.01	,	,
Jarom 1:14	2.02	⌴	⌴
Jarom 1:14	3	Jarom	Jarom
Jarom 1:14	3.01	,	,
Jarom 1:14	3.02	⌴	⌴
Jarom 1:14	4	do	do
Jarom 1:14	4.01	⌴	⌴
Jarom 1:14	5	not	not
Jarom 1:14	5.01	⌴	⌴
Jarom 1:14	6	write	write
Jarom 1:14	6.01	⌴	⌴
Jarom 1:14	7	more	more
Jarom 1:14	7.01	,	,
Jarom 1:14	7.02	⌴	⌴
Jarom 1:14	8	for	for
Jarom 1:14	8.01	⌴	⌴
Jarom 1:14	9	the	the
Jarom 1:14	9.01	⌴	⌴
Jarom 1:14	10	plates	plates
Jarom 1:14	10.01	⌴	⌴
Jarom 1:14	11	are	are
Jarom 1:14	11.01	⌴	⌴
Jarom 1:14	12	small	small
Jarom 1:14	12.01	.	.
Jarom 1:14	12.02	—	∅
Jarom 1:14	12.03	⌴	⌴
Jarom 1:14	13	But	But
Jarom 1:14	13.01	⌴	⌴
Jarom 1:14	14	behold	behold
Jarom 1:14	14.01	,	,
Jarom 1:14	14.02	⌴	⌴
Jarom 1:14	15	my	my
Jarom 1:14	15.01	⌴	⌴
Jarom 1:14	16	brethren	brethren
Jarom 1:14	16.01	,	,
Jarom 1:14	16.02	⌴	⌴
Jarom 1:14	17	ye	ye
Jarom 1:14	17.01	⌴	⌴
Jarom 1:14	18	can	can
Jarom 1:14	18.01	⌴	⌴
Jarom 1:14	19	go	go
Jarom 1:14	19.01	⌴	⌴
Jarom 1:14	20	to	to
Jarom 1:14	20.01	⌴	⌴
Jarom 1:14	21	the	the
Jarom 1:14	21.01	⌴	⌴
Jarom 1:14	22	other	other
Jarom 1:14	22.01	⌴	⌴
Jarom 1:14	23	plates	plates
Jarom 1:14	23.01	⌴	⌴
Jarom 1:14	24	of	of
Jarom 1:14	24.01	⌴	⌴
Jarom 1:14	25	Nephi	Nephi
Jarom 1:14	25.01	:	:
Jarom 1:14	25.02	⌴	⌴
Jarom 1:14	26	for	for
Jarom 1:14	26.01	⌴	⌴
Jarom 1:14	27	behold	behold
Jarom 1:14	27.01	,	,
Jarom 1:14	27.02	⌴	⌴
Jarom 1:14	28	upon	upon
Jarom 1:14	28.01	⌴	⌴
Jarom 1:14	29	them	them
Jarom 1:14	29.01	⌴	⌴
Jarom 1:14	30	the	the
Jarom 1:14	30.01	⌴	⌴
Jarom 1:14	31	record	record
Jarom 1:14	31.01	⌴	⌴
Jarom 1:14	32	of	of
Jarom 1:14	32.01	⌴	⌴
Jarom 1:14	33	our	our
Jarom 1:14	33.01	⌴	⌴
Jarom 1:14	34	wars	wars
Jarom 1:14	34.01	⌴	⌴
Jarom 1:14	35	are	are
Jarom 1:14	35.01	⌴	⌴
Jarom 1:14	36	engraven	engraven
Jarom 1:14	36.01	,	,
Jarom 1:14	36.02	⌴	⌴
Jarom 1:14	37	according	according
Jarom 1:14	37.01	⌴	⌴
Jarom 1:14	38	to	to
Jarom 1:14	38.01	⌴	⌴
Jarom 1:14	39	the	the
Jarom 1:14	39.01	⌴	⌴
Jarom 1:14	40	writings	writings
Jarom 1:14	40.01	⌴	⌴
Jarom 1:14	41	of	of
Jarom 1:14	41.01	⌴	⌴
Jarom 1:14	42	the	the
Jarom 1:14	42.01	⌴	⌴
Jarom 1:14	43	kings	kings
Jarom 1:14	43.01	,	,
Jarom 1:14	43.02	⌴	⌴
Jarom 1:14	44	or	or
Jarom 1:14	44.01	⌴	⌴
Jarom 1:14	45	that	those
Jarom 1:14	45.01	⌴	⌴
Jarom 1:14	46	which	which
Jarom 1:14	46.01	⌴	⌴
Jarom 1:14	47	they	they
Jarom 1:14	47.01	⌴	⌴
Jarom 1:14	48	caused	caused
Jarom 1:14	48.01	⌴	⌴
Jarom 1:14	49	to	to
Jarom 1:14	49.01	⌴	⌴
Jarom 1:14	50	be	be
Jarom 1:14	50.01	⌴	⌴
Jarom 1:14	51	written	written
Jarom 1:14	51.01	.	.
Jarom 1:15	1	And	And
Jarom 1:15	1.01	⌴	⌴
Jarom 1:15	2	I	I
Jarom 1:15	2.01	⌴	⌴
Jarom 1:15	3	deliver	deliver
Jarom 1:15	3.01	⌴	⌴
Jarom 1:15	4	these	these
Jarom 1:15	4.01	⌴	⌴
Jarom 1:15	5	plates	plates
Jarom 1:15	5.01	⌴	⌴
Jarom 1:15	6	into	into
Jarom 1:15	6.01	⌴	⌴
Jarom 1:15	7	the	the
Jarom 1:15	7.01	⌴	⌴
Jarom 1:15	8	hands	hands
Jarom 1:15	8.01	⌴	⌴
Jarom 1:15	9	of	of
Jarom 1:15	9.01	⌴	⌴
Jarom 1:15	10	my	my
Jarom 1:15	10.01	⌴	⌴
Jarom 1:15	11	son	son
Jarom 1:15	11.01	⌴	⌴
Jarom 1:15	12	Omni	Omni
Jarom 1:15	12.01	,	,
Jarom 1:15	12.02	⌴	⌴
Jarom 1:15	13	that	that
Jarom 1:15	13.01	⌴	⌴
Jarom 1:15	14	they	they
Jarom 1:15	14.01	⌴	⌴
Jarom 1:15	15	may	may
Jarom 1:15	15.01	⌴	⌴
Jarom 1:15	16	be	be
Jarom 1:15	16.01	⌴	⌴
Jarom 1:15	17	kept	kept
Jarom 1:15	17.01	⌴	⌴
Jarom 1:15	18	according	according
Jarom 1:15	18.01	⌴	⌴
Jarom 1:15	19	to	to
Jarom 1:15	19.01	⌴	⌴
Jarom 1:15	20	the	the
Jarom 1:15	20.01	⌴	⌴
Jarom 1:15	21	commandments	commandments
Jarom 1:15	21.01	⌴	⌴
Jarom 1:15	22	of	of
Jarom 1:15	22.01	⌴	⌴
Jarom 1:15	23	my	my
Jarom 1:15	23.01	⌴	⌴
Jarom 1:15	24	fathers	fathers
Jarom 1:15	24.01	.	.
